je	un	truc	j'aime	café	suis	chat	le	bonjour
0.4054651081081644	0	1.0986122886681098	0	0	0.8109302162163288	0	0	1.0986122886681098
0	0	0	1.0986122886681098	1.0986122886681098	0	0	1.0986122886681098	0
0.4054651081081644	1.0986122886681098	0	0	0	0.4054651081081644	3.295836866004329	0	0





